Context,Image_ID,Image_Name,Selected_Dank
Causes,1,Drake Hotline Bling,True
Causes,2,Two Buttons,True
Causes,3,Distracted Boyfriend,True
Causes,4,Running Away Balloon,True
Causes,5,UNO Draw 25 Cards,True
Causes,6,Left Exit 12 Off Ramp,True
Causes,7,Bernie I Am Once Again Asking For Your Support,True
Causes,8,Buff Doge vs. Cheems,True
Causes,9,Change My Mind,True
Causes,10,Sad Pablo Escobar,True
Causes,11,Epic Handshake,True
Causes,12,Waiting Skeleton,True
Causes,13,Batman Slapping Robin,True
Causes,14,Gru's Plan,True
Causes,15,Marked Safe From,True
Causes,16,Always Has Been,True
Causes,17,Anakin Padme 4 Panel,True
Causes,18,Woman Yelling At Cat,True
Causes,19,Disaster Girl,True
Causes,20,Mocking Spongebob,True
Causes,21,Expanding Brain,True
Causes,22,Trade Offer,True
Causes,23,"X, X Everywhere",True
Causes,24,Ancient Aliens,True
Causes,25,I Bet He's Thinking About Other Women,True
Causes,26,One Does Not Simply,True
Causes,27,Bike Fall,True
Causes,28,Tuxedo Winnie The Pooh,True
Causes,29,Boardroom Meeting Suggestion,True
Causes,30,They're The Same Picture,True
Causes,31,Monkey Puppet,True
Causes,32,This Is Fine,True
Causes,33,where monkey,True
Causes,34,Hide the Pain Harold,True
Causes,35,Success Kid,True
Causes,36,Is This A Pigeon,True
Causes,37,Blank Nut Button,True
Causes,38,Megamind peeking,True
Causes,39,Clown Applying Makeup,True
Causes,40,Panik Kalm Panik,True
Causes,41,This Is Where I'd Put My Trophy If I Had One,False
Causes,42,Oprah You Get A,False
Causes,43,Bernie Sanders Once Again Asking,False
Causes,44,Mother Ignoring Kid Drowning In A Pool,False
Causes,45,You Guys are Getting Paid,False
Causes,46,Inhaling Seagull,False
Causes,47,Sleeping Shaq,False
Causes,48,Flex Tape,False
Causes,49,They don't know,False
Causes,50,Surprised Pikachu,False
Causes,51,A train hitting a school bus,False
Causes,52,Laughing Leo,False
Causes,53,Who Killed Hannibal,False
Causes,54,American Chopper Argument,False
Causes,55,Megamind no bitches,False
Causes,56,The Rock Driving,False
Causes,57,The Scroll Of Truth,False
Causes,58,Evil Kermit,False
Causes,59,Pawn Stars Best I Can Do,False
Causes,60,Grant Gustin over grave,False
Causes,61,spiderman pointing at spiderman,False
Causes,62,Gus Fring we are not the same,False
Causes,63,Types of Headaches meme,False
Causes,64,Squidward window,False
Causes,65,Disappointed Black Guy,False
Causes,66,Anime Girl Hiding from Terminator,False
Causes,67,Friendship ended,False
Causes,68,Futurama Fry,False
Causes,69,Grandma Finds The Internet,False
Causes,70,The Most Interesting Man In The World,False
Causes,71,Finding Neverland,False
Causes,72,Leonardo Dicaprio Cheers,False
Causes,73,Look At Me,False
Causes,74,Third World Skeptical Kid,False
Causes,75,Hard To Swallow Pills,False
Causes,76,is this butterfly,False
Causes,77,Bugs bunny communist,False
Causes,78,Spongebob Ight Imma Head Out,False
Causes,79,Trump Bill Signing,False
Causes,80,Unsettled Tom,False
Causes,81,Domino Effect,False
Causes,82,Barbie vs Oppenheimer,False
Causes,83,c'mon do something,False
Causes,84,"0 days without (Lenny, Simpsons)",False
Causes,85,AJ Styles & Undertaker,False
Causes,86,Three-headed Dragon,False
Causes,87,Drake Blank,False
Causes,88,bell curve,False
Causes,89,Brain Before Sleep,False
Causes,90,Soyboy Vs Yes Chad,False
Causes,91,What Gives People Feelings of Power,False
Causes,92,Spongebob Burning Paper,False
Causes,93,Dad Joke Meme,False
Causes,94,No - Yes,False
Causes,95,Spiderman Approves,False
Causes,96,Alright Then Business Kid,False
Causes,97,Archer,False
Causes,98,Insanity Wolf,False
Causes,99,Butthurt Dweller,False
Causes,100,Philosoraptor,False
Causes,101,Foul Bachelor Frog,False
Causes,102,Chemistry Cat,False
Causes,103,Joseph Ducreux,False
Causes,104,Y U No,False
Causes,105,Anxiety Cat,False
Causes,106,Socially Awkward Penguin,False
Causes,107,Yo Dawg,False
Causes,108,Business Cat,False
Causes,109,Annoying Facebook Girl,False
Causes,110,Fat Girl,False
Causes,111,Kenita,False
Causes,112,Good Guy Greg,False
Causes,113,Professor Oak,False
Causes,114,Spongebob,False
Causes,115,Forever Alone,False
Causes,116,Courage Wolf,False
Causes,117,Hipster Kitty,False
Causes,118,Spagetti,False
Causes,119,Advice God,False
Causes,120,Paranoid Parrot,False
Causes,121,Victory Baby,False
Causes,122,Science Cat,False
Causes,123,Vengeance Dad,False
Causes,124,Spongebob Face,False
Causes,125,Patrick,False
Causes,126,Chronic Illness Cat,False
Causes,127,Angry School Boy,False
Causes,128,Musically Oblivious 8th Grader,False
Causes,129,Push it Somewhere Else Patrick,False
Causes,130,Feel Like A Sir,False
Causes,131,Picard Wtf,False
Causes,132,Stalin Says,False
Causes,133,Si Claro,False
Causes,134,Crying Baby,False
Causes,135,Socially Average Penguin,False
Causes,136,Giorgio A Tsoukalos Hair,False
Causes,137,Bill Nye,False
Causes,138,Mother Of God,False
Causes,139,Timmy's Dad,False
Causes,140,White Gandalf,False
Causes,141,Foul Bachelorette Frog,False
Causes,142,Master Yoda,False
Causes,143,Challenge Accepted,False
Causes,144,Counter Strike,False
Causes,145,Minecraft Guy,False
Causes,146,patrick star,False
Causes,147,Toy Story Everywhere,False
Causes,148,Socially Awesome Penguin,False
Causes,149,X ALL THE THINGS,False
Causes,150,gordo granudo,False
Causes,151,Ceiling cat,False
Causes,152,Uncle Sam Says,False
Causes,153,Chuck Norris,False
Causes,154,Black Metal,False
Causes,155,Socially Fed Up Penguin,False
Causes,156,Bear Grylls,False
Causes,157,Depression Dog,False
Causes,158,Yo Mama,False
Causes,159,success baby,False
Causes,160,Okay Guy,False
Causes,161,Sad Frog,False
Causes,162,Me?? ?? e???!,False
Causes,163,Wise Confucius,False
Causes,164,This Is Sparta Meme,False
Causes,165,Lame Pun Coon,False
Causes,166,journalist,False
Causes,167,I Dont Always,False
Causes,168,First World Problems,False
Causes,169,Obese American,False
Causes,170,Socially Terrifying Penguin,False
Causes,171,Chemist,False
Causes,172,Me Gusta,False
Causes,173,Ned Stark,False
Causes,174,Patricio,False
Causes,175,Art Student Owl,False
Causes,176,Advice Dog,False
Causes,177,Hipster Ariel,False
Causes,178,stormtrooper,False
Causes,179,Trollface,False
Causes,180,Historian,False
Causes,181,Insanity Scene Wolf,False
Causes,182,Albert Einstein,False
Causes,183,Pedobear,False
Causes,184,Old Man Heart Attack,False
Causes,185,Idiot Nerd Girl,False
Causes,186,Successful Black Man,False
Causes,187,Feels Bad Man Frog,False
Causes,188,Family Man,False
Causes,189,High Expectations Asian Father,False
Causes,190,doodle bob,False
Causes,191,Jackie Chan face,False
Causes,192,things are getting serious,False
Causes,193,Like A Boss,False
Causes,194,Angry Cat Meme,False
Causes,195,say what one more time,False
Causes,196,That would be great,False
Causes,197,Started from the bottom,False
Causes,198,Things are getting pretty Serious (Napoleon Dynamite),False
Causes,199,50 shades of grey,False
Causes,200,Bigyan ng jacket!!,False
Consequences,1,Spongebob What I Learned In Boating School Is,True
Consequences,2,Happy Forever Alone,True
Consequences,3,Vault Boy,True
Consequences,4,Mexico,True
Consequences,5,Rent Is Too Damn High,True
Consequences,6,Sheltering Suburban Mom,True
Consequences,7,sporting,True
Consequences,8,Internet Husband,True
Consequences,9,Stoner Dog,True
Consequences,10,Baby Courage Wolf,True
Consequences,11,Anti Joke Chicken,True
Consequences,12,Chuck Norris Approves,True
Consequences,13,Privilege Denying Dude,True
Consequences,14,sparta,True
Consequences,15,Pissed off Obama,True
Consequences,16,College Freshman,True
Consequences,17,Cool Dog,True
Consequences,18,Liberal Douche Garofalo,True
Consequences,19,PTSD Clarinet Boy,True
Consequences,20,Imagination,True
Consequences,21,Hipster Cat,True
Consequences,22,Racist Dog,True
Consequences,23,Fallout 3,True
Consequences,24,Fry Panic,True
Consequences,25,Dumb Blonde,True
Consequences,26,Whyyy???,True
Consequences,27,Minecraft Creeper,True
Consequences,28,hipster Barista,True
Consequences,29,Jealous Girl,True
Consequences,30,Thespian Peacock,True
Consequences,31,Celestia,True
Consequences,32,army,True
Consequences,33,Yoda,True
Consequences,34,teacher,True
Consequences,35,Peter Parker Spider Man,True
Consequences,36,Unhelpful High School Teacher,True
Consequences,37,Jackie Chan,True
Consequences,38,Scumbag God,True
Consequences,39,iHate,True
Consequences,40,Angry Gamer,True
Consequences,41,Link,False
Consequences,42,Yao Ming,False
Consequences,43,Vegeta,False
Consequences,44,Pawn Stars,False
Consequences,45,Lonely Computer Guy,False
Consequences,46,FRY FRY,False
Consequences,47,Spongebob Rage,False
Consequences,48,X X Everywhere,False
Consequences,49,Doge,False
Consequences,50,Third World Success Kid,False
Consequences,51,Bad Luck Brian,False
Consequences,52,Star Wars Yoda,False
Consequences,53,Black Girl Wat,False
Consequences,54,That Would Be Great,False
Consequences,55,Evil Toddler,False
Consequences,56,Laughing Men In Suits,False
Consequences,57,Who Would Win?,False
Consequences,58,Jack Sparrow Being Chased,False
Consequences,59,X All The Y,False
Consequences,60,Brace Yourselves X is Coming,False
Consequences,61,Maury Lie Detector,False
Consequences,62,Be Like Bill,False
Consequences,63,Scared Cat,False
Consequences,64,Creepy Condescending Wonka,False
Consequences,65,See Nobody Cares,False
Consequences,66,Uncle Sam,False
Consequences,67,Dr Evil Laser,False
Consequences,68,Grumpy Cat,False
Consequences,69,Peter Parker Cry,False
Consequences,70,Captain Picard Facepalm,False
Consequences,71,Face You Make Robert Downey Jr,False
Consequences,72,Put It Somewhere Else Patrick,False
Consequences,73,Surprised Koala,False
Consequences,74,Am I The Only One Around Here,False
Consequences,75,Too Damn High,False
Consequences,76,Matrix Morpheus,False
Consequences,77,Marvel Civil War 1,False
Consequences,78,Me And The Boys,False
Consequences,79,I Should Buy A Boat Cat,False
Consequences,80,Sparta Leonidas,False
Consequences,81,Net Noob,False
Consequences,82,Mr T,False
Consequences,83,Sad Keanu,False
Consequences,84,Karate Kyle,False
Consequences,85,Original Stoner Dog,False
Consequences,86,Scumbag Brain,False
Consequences,87,Patrick Says,False
Consequences,88,Chill Out Lemur,False
Consequences,89,Dat Ass,False
Consequences,90,Dating Site Murderer,False
Consequences,91,Captain Hindsight,False
Consequences,92,Thats a paddlin,False
Consequences,93,Ron Burgundy,False
Consequences,94,Samuel L Jackson,False
Consequences,95,Advice Peeta,False
Consequences,96,Cereal Guy,False
Consequences,97,Conspiracy Keanu,False
Consequences,98,Buddy Christ,False
Consequences,99,College Liberal,False
Consequences,100,Redditors Wife,False
Consequences,101,Contradictory Chris,False
Consequences,102,Not Bad Obama,False
Consequences,103,me gusta,False
Consequences,104,Agent Smith Matrix,False
Consequences,105,Overly Obsessed Girlfriend,False
Consequences,106,BENDER POPULAR,False
Consequences,107,Leave Brittney alone,False
Consequences,108,"WOW, according to this...",False
Consequences,109,Liam Neeson Taken,False
Consequences,110,obama medal,False
Consequences,111,FALLOUT 3,False
Consequences,112,computer instructor,False
Consequences,113,Condescending Fox,False
Consequences,114,ye olde englishman,False
Consequences,115,Kong Godzilla Doge,False
Consequences,116,10 Guy,False
Consequences,117,Scared King Julian,False
Consequences,118,Yes but no guy,False
Consequences,119,Confession Bear,False
Consequences,120,Rocky,False
Consequences,121,Ariana Grande and Pete Davidson,False
Consequences,122,Nature Boy Rick Flair,False
Consequences,123,True Story,False
Consequences,124,Ermahgerd Berks,False
Consequences,125,I think I forgot something,False
Consequences,126,scumbag microsoft,False
Consequences,127,I can has cheezburger cat,False
Consequences,128,Say what again,False
Consequences,129,Dinosaurs meteor,False
Consequences,130,Typical Leftist Troll Meme,False
Consequences,131,pleaseguy,False
Consequences,132,ned stark,False
Consequences,133,Sponge Finna Commit Muder,False
Consequences,134,Jason Bourne,False
Consequences,135,Seinfeld Newman,False
Consequences,136,Who let the kids in?,False
Consequences,137,I hate the Antichrist,False
Consequences,138,You were meant to destroy the sith,False
Consequences,139,Zdravko Mamic,False
Consequences,140,Obama UMad tho?,False
Consequences,141,kermit ofice,False
Consequences,142,Well That Escalated Quickly,False
Consequences,143,Misunderstood Prison Inmate,False
Consequences,144,"Syrio Forel advises ""Not today""",False
Consequences,145,Stay Classy,False
Consequences,146,Four Yorkshiremen,False
Consequences,147,Condescending Spock,False
Consequences,148,Inception,False
Consequences,149,Whose Line is it Anyway,False
Consequences,150,Matias Prats,False
Consequences,151,madness - this is sparta,False
Consequences,152,prisoners blank,False
Consequences,153,LOL Guy,False
Consequences,154,Never Alone Ghost,False
Consequences,155,horatio caine,False
Consequences,156,I'll Have You Know Spongebob,False
Consequences,157,Gordo granudo,False
Consequences,158,Swagmaster69 attempting to shoot a bee,False
Consequences,159,Dwight False Meme,False
Consequences,160,Sad Pyro,False
Consequences,161,Overprotective Girlfriend,False
Consequences,162,Look At All These,False
Consequences,163,So I Guess You Can Say Things Are Getting Pretty Serious,False
Consequences,164,Socially Awesome Awkward Penguin,False
Consequences,165,Ronald McDonald Temp,False
Consequences,166,WTF Dog,False
Consequences,167,edward cullen sparkle,False
Consequences,168,Dr. House,False
Consequences,169,son i am disappoint,False
Consequences,170,50 shades of grey book cover no text,False
Consequences,171,Okay Guy Rage Face 2,False
Consequences,172,Mainstream Media is often Fake News,False
Consequences,173,Yo Dawg Heard You,False
Consequences,174,Chef Gordon Ramsay,False
Consequences,175,Mr T Pity The Fool,False
Consequences,176,And Then He Said,False
Consequences,177,Slowpoke,False
Consequences,178,Derp meme,False
Consequences,179,Bill Murray,False
Consequences,180,uit,False
Consequences,181,Evil Asian Baby,False
Consequences,182,Honeybees,False
Consequences,183,Whisper Sloth,False
Consequences,184,Angry Bill O'Reilly,False
Consequences,185,overly manly man,False
Consequences,186,Correction Man,False
Consequences,187,Nike swoosh,False
Consequences,188,dr. evil quotation marks,False
Consequences,189,african kid,False
Consequences,190,Sombrero Mexican,False
Consequences,191,PEE WEE HERMAN,False
Consequences,192,drunk,False
Consequences,193,See? Nobody Cares,False
Consequences,194,durant harden,False
Consequences,195,Look at all these,False
Consequences,196,What do we say to the god of death ?,False
Consequences,197,Pokemon Reaction,False
Consequences,198,Fry squint,False
Consequences,199,Picard facepalm,False
Consequences,200,Swagmaster,False
Solutions,1,And everybody loses their minds,True
Solutions,2,Your Country Needs YOU,True
Solutions,3,Sloth Whisper,True
Solutions,4,Angry Cereal Guy,True
Solutions,5,Patient Bear,True
Solutions,6,Trollestia,True
Solutions,7,Freedom Eagle,True
Solutions,8,panic attack,True
Solutions,9,where's waldo,True
Solutions,10,Poker Cat,True
Solutions,11,High/Drunk guy,True
Solutions,12,3rd World Sceptical Child,True
Solutions,13,American Psycho,True
Solutions,14,Ridiculously Photogenic Metalhead,True
Solutions,15,Praying Otter,True
Solutions,16,what if rave,True
Solutions,17,Blankie the Shocked Dog,True
Solutions,18,Milk was a bad choice.,True
Solutions,19,I have no idea what i'm doing dog,True
Solutions,20,Joker Sending A Message,True
Solutions,21,"Well, hello there",True
Solutions,22,Black metal logo,True
Solutions,23,Confucius Says,True
Solutions,24,Yo Mamas So Fat,True
Solutions,25,Relatable Romney,True
Solutions,26,Gtfo,True
Solutions,27,meme thinking,True
Solutions,28,Donald Trump,True
Solutions,29,Redditor's Wife,True
Solutions,30,Pee Wee Herman,True
Solutions,31,First Day On The Internet Kid,True
Solutions,32,Honey badger,True
Solutions,33,neo dodging a bullet matrix,True
Solutions,34,That's a paddlin',True
Solutions,35,SHUT UP AND TAKE MY MONEY FRY BLANK,True
Solutions,36,Don't You Squidward,True
Solutions,37,alguien puede pensar en los niños,True
Solutions,38,Scumbag College President,True
Solutions,39,borat,True
Solutions,40,black kid,True
Solutions,41,Dr. Evil on phone with Frau meme,False
Solutions,42,Peter Griffin News,False
Solutions,43,Hipster Glasses,False
Solutions,44,Waiting for OP,False
Solutions,45,sassy black woman,False
Solutions,46,Crying Because Of Cute,False
Solutions,47,Sad Bodybuilder,False
Solutions,48,Leonardo Da Vinci,False
Solutions,49,Buff Mickey Mouse,False
Solutions,50,Inigo Montoya,False
Solutions,51,Noam Chomsky,False
Solutions,52,Welcome To The Internets,False
Solutions,53,badluckbrian,False
Solutions,54,mafia baby,False
Solutions,55,Retail Robin,False
Solutions,56,Business doge,False
Solutions,57,troll shrug,False
Solutions,58,Dj produce,False
Solutions,59,Jackie Chan memes,False
Solutions,60,FFFUUUUUUUU,False
Solutions,61,Angry Girlfriend,False
Solutions,62,Ned Flanders Wave,False
Solutions,63,It's a trap,False
Solutions,64,Squidward-Happy,False
Solutions,65,veo gente muerta,False
Solutions,66,Wilford Brimley,False
Solutions,67,Officer Cartman,False
Solutions,68,Paul Krugman,False
Solutions,69,racist dog,False
Solutions,70,Jason Voorhees,False
Solutions,71,Not Bad,False
Solutions,72,WHYYY,False
Solutions,73,Jackie Chan WTF,False
Solutions,74,pennywise in sewer,False
Solutions,75,Gangnam Style PSY,False
Solutions,76,DJ Pauly D,False
Solutions,77,Keep calm 2,False
Solutions,78,Clippy,False
Solutions,79,AFRICAN KIDS DANCING,False
Solutions,80,Dendy Judge,False
Solutions,81,Spiderman Computer Desk,False
Solutions,82,Uy si,False
Solutions,83,Angry Linus with blanket,False
Solutions,84,McKayla Maroney Not Impressed,False
Solutions,85,Cristina Kirchner derp,False
Solutions,86,Giorgio Tsoukalos,False
Solutions,87,Brokeback Mountain,False
Solutions,88,Di no al random granade,False
Solutions,89,spiderman approves,False
Solutions,90,Justin Trudeau,False
Solutions,91,William Shakespeare,False
Solutions,92,Interupting Kanye,False
Solutions,93,aboriginal warrior,False
Solutions,94,Laughing Girls,False
Solutions,95,Aaaaand Its Gone,False
Solutions,96,Socially awkward pinguin,False
Solutions,97,Osabama,False
Solutions,98,beating dead horse stormtroopers,False
Solutions,99,Grumpy Cat Bed,False
Solutions,100,Shut Up And Take My Money Fry,False
Solutions,101,Vladimir Zhirinovsky,False
Solutions,102,Angry Arnold,False
Solutions,103,Arya Not Today,False
Solutions,104,CSI,False
Solutions,105,kermit window,False
Solutions,106,Missing Person,False
Solutions,107,Ryan Gosling,False
Solutions,108,MANTARRAYA EXPLICA,False
Solutions,109,Cap Lifts Mjlnor,False
Solutions,110,Gollum,False
Solutions,111,Bad Luck Trump,False
Solutions,112,achievement unlocked,False
Solutions,113,Sad Storm Trooper,False
Solutions,114,annoying imgurian,False
Solutions,115,Doodle bob,False
Solutions,116,PC Gamer,False
Solutions,117,grumpy cats face,False
Solutions,118,Jackie Chan Confused,False
Solutions,119,Stalin diary,False
Solutions,120,feels bad man frog crushed dreams,False
Solutions,121,Freddie Mercury,False
Solutions,122,Current Objective: Survive,False
Solutions,123,I DOUBLE DARE YOU,False
Solutions,124,Misleading Moriarty,False
Solutions,125,startrek,False
Solutions,126,Unwanted House Guest,False
Solutions,127,Beethoven,False
Solutions,128,Nike Swoosh,False
Solutions,129,How Tough Are You,False
Solutions,130,Silly wanka,False
Solutions,131,Scumbag Analytic Philosopher,False
Solutions,132,Socially fed up penguin,False
Solutions,133,Lawyer Corgi Dog,False
Solutions,134,Stephen M. Green Is Angry Again Due To X,False
Solutions,135,Arnold Schwarzenegger Mr. Bean,False
Solutions,136,Scary Black Man,False
Solutions,137,AySiAySi,False
Solutions,138,antes eras chevere,False
Solutions,139,Poker Face,False
Solutions,140,Bill Nye The Science Guy,False
Solutions,141,What if I told you matrix square,False
Solutions,142,Hipster Grumpy Cat,False
Solutions,143,Permission Bane,False
Solutions,144,Snobbish monocle guy,False
Solutions,145,tony horton,False
Solutions,146,Bob Ross Meme,False
Solutions,147,Annoying Gamer Kid,False
Solutions,148,Hannibal Lecter,False
Solutions,149,Dhar Mann Thumbnail Maker (Bully Edition),False
Solutions,150,Iker Jimenez,False
Solutions,151,Mike Glotzkowski,False
Solutions,152,Oh god why,False
Solutions,153,Ce facem alexandru,False
Solutions,154,Steven Seagal,False
Solutions,155,Dr Fetus' Visible Disappointment,False
Solutions,156,Richard Stallman,False
Solutions,157,Ryan Ross,False
Solutions,158,Every time I smile God Kills a Kitten,False
Solutions,159,optimus prime,False
Solutions,160,uncle sam says drink the kool aid,False
Solutions,161,Insane Clown Posse,False
Solutions,162,hmm yes small town is made out of not enough room for both of us,False
Solutions,163,This Is Brilliant But I Like This,False
Solutions,164,gay seal,False
Solutions,165,Say That Again I Dare You,False
Solutions,166,Did you mean?,False
Solutions,167,Hide Yo Kids Hide Yo Wife,False
Solutions,168,lil chunk,False
Solutions,169,My precious Gollum,False
Solutions,170,Keep calm and,False
Solutions,171,Hannibal lecter,False
Solutions,172,Fat,False
Solutions,173,Computer Programmer,False
Solutions,174,Timmy turner's dad IF I HAD ONE!,False
Solutions,175,What Year,False
Solutions,176,Bane Permission to Die,False
Solutions,177,obama beer,False
Solutions,178,obama laughing,False
Solutions,179,You should Feel Bad,False
Solutions,180,Milk was a bad choice,False
Solutions,181,its something,False
Solutions,182,Joker's Message,False
Solutions,183,My Precious Gollum,False
Solutions,184,How about no bear,False
Solutions,185,chairo,False
Solutions,186,burning house girl,False
Solutions,187,Shut up and take my money Fry blank,False
Solutions,188,Grumpy Cat Face,False
Solutions,189,mean girls,False
Solutions,190,Thoughtful Child,False
Solutions,191,Ned Flanders,False
Solutions,192,Sith Lord,False
Solutions,193,Sending a Message,False
Solutions,194,batman slap robin,False
Solutions,195,dr. evil quote,False
Solutions,196,Jesus,False
Solutions,197,Anakin Skywalker,False
Solutions,198,South Park Wow Guy,False
Solutions,199,Neil Degrasse,False
Solutions,200,Sad Face Guy,False
Evidence of Absence,1,Pissed Off Obama,True
Evidence of Absence,2,Emo Dad,True
Evidence of Absence,3,All your base,True
Evidence of Absence,4,Chairo de Morena,True
Evidence of Absence,5,A center for ants?,True
Evidence of Absence,6,Sad Cat to Happy Cat,True
Evidence of Absence,7,Little peachy,True
Evidence of Absence,8,Drake wheelchair,True
Evidence of Absence,9,Sudden Clarity Clarence,True
Evidence of Absence,10,Flying Spaghetti Monster,True
Evidence of Absence,11,Lugansk flag,True
Evidence of Absence,12,Pelea de monos los simpsons,True
Evidence of Absence,13,Mr Mackey,True
Evidence of Absence,14,pizzeria los hijos de puta,True
Evidence of Absence,15,Meme man words journalist,True
Evidence of Absence,16,Angry school boy,True
Evidence of Absence,17,No Bullshit Business Baby,True
Evidence of Absence,18,Spiderman Hospital,True
Evidence of Absence,19,Leave Britney Alone,True
Evidence of Absence,20,Queen Elizabeth London Olympics Not Amused,True
Evidence of Absence,21,Thumbs Up Rambo,True
Evidence of Absence,22,Balotelli,True
Evidence of Absence,23,Scumbag America,True
Evidence of Absence,24,But That's None Of My Business,True
Evidence of Absence,25,Realistic Red Angry Birds,True
Evidence of Absence,26,Allen Iverson,True
Evidence of Absence,27,Nelson Muntz haha,True
Evidence of Absence,28,feel like a sir,True
Evidence of Absence,29,Horatio Caine,True
Evidence of Absence,30,Baby eating spagetti,True
Evidence of Absence,31,justin timberlake it's gonna be may,True
Evidence of Absence,32,Cereal Guy Spitting,True
Evidence of Absence,33,Doc back to the future,True
Evidence of Absence,34,Pink Guy vs Bane,True
Evidence of Absence,35,12ozMouseHarmonicas,True
Evidence of Absence,36,Kevin Durant James Harden,True
Evidence of Absence,37,Jasper Beardly,True
Evidence of Absence,38,Martin Luther King Jr.,True
Evidence of Absence,39,It's Finally Over,True
Evidence of Absence,40,Obama Romney Pointing,True
Evidence of Absence,41,Cocaine bear,False
Evidence of Absence,42,Madea,False
Evidence of Absence,43,dancing african children,False
Evidence of Absence,44,Cute Twilight Sparkle (MLP),False
Evidence of Absence,45,Shocked Katt Williams,False
Evidence of Absence,46,Stalin says,False
Evidence of Absence,47,Table Flip Guy,False
Evidence of Absence,48,Crying stormtrooper,False
Evidence of Absence,49,Lebanese Basketball Memes - Fave expression,False
Evidence of Absence,50,Impossibru Guy Original,False
Evidence of Absence,51,Shang Tsung Your meme is mine,False
Evidence of Absence,52,Internet Grandma Surprise,False
Evidence of Absence,53,"Firefox ""best internet""",False
Evidence of Absence,54,donald duck sleepless,False
Evidence of Absence,55,Kenita larrain,False
Evidence of Absence,56,Melcochita,False
Evidence of Absence,57,bob the builder,False
Evidence of Absence,58,Ahmadinejad's Expression,False
Evidence of Absence,59,Racist father Ted,False
Evidence of Absence,60,Yugioh card draw,False
Evidence of Absence,61,Murica Patriotic Eagle,False
Evidence of Absence,62,I See Dead People,False
Evidence of Absence,63,Prepare Yourself,False
Evidence of Absence,64,Blank Transparent Square,False
Evidence of Absence,65,and they're gone,False
Evidence of Absence,66,Announcement Template,False
Evidence of Absence,67,Challenge Accepted Rage Face,False
Evidence of Absence,68,Baby Godfather,False
Evidence of Absence,69,Christian Bale Ooh,False
Evidence of Absence,70,Regular Show Meme,False
Evidence of Absence,71,Joseph Stalin,False
Evidence of Absence,72,Steven Seagal MMA,False
Evidence of Absence,73,what you talkin bout willis?,False
Evidence of Absence,74,Lazy College Senior,False
Evidence of Absence,75,Never Have I Been So Wrong,False
Evidence of Absence,76,And then I said Obama,False
Evidence of Absence,77,Overly Attached Miku,False
Evidence of Absence,78,serj tankian,False
Evidence of Absence,79,Buddy The Elf,False
Evidence of Absence,80,That makes me moist,False
Evidence of Absence,81,WORLD-of-TANKS tank template,False
Evidence of Absence,82,Kill Yourself Guy,False
Evidence of Absence,83,You Should Feel Bad Zoidberg,False
Evidence of Absence,84,Ice Cube It was a good day,False
Evidence of Absence,85,Overly Attached Girlfriend,False
Evidence of Absence,86,CommanderFunguy Daniel Thrasher announcement template (thx birb,False
Evidence of Absence,87,Eye Of Sauron,False
Evidence of Absence,88,Vegeta over 9000,False
Evidence of Absence,89,Gandalf White,False
Evidence of Absence,90,Pixel cirno,False
Evidence of Absence,91,Skier,False
Evidence of Absence,92,Confession Tiger,False
Evidence of Absence,93,Leonardo Dicaprio Wolf Of Wall Street,False
Evidence of Absence,94,Here's Johnny,False
Evidence of Absence,95,Morpheus Cat,False
Evidence of Absence,96,south park wow guy,False
Evidence of Absence,97,Duck Dynasty,False
Evidence of Absence,98,old lady at computer,False
Evidence of Absence,99,Wolf & Jimmy Pulp Fiction,False
Evidence of Absence,100,Pickup Line Panda,False
Evidence of Absence,101,two side of a school bus,False
Evidence of Absence,102,The Most Interesting Cat In The World,False
Evidence of Absence,103,What Year Is It,False
Evidence of Absence,104,Angry Guido,False
Evidence of Absence,105,Aaaand it's gone,False
Evidence of Absence,106,Scumbag Obama,False
Evidence of Absence,107,Sesame Street - Angry Bert,False
Evidence of Absence,108,Ratinho,False
Evidence of Absence,109,Tupac,False
Evidence of Absence,110,10guy Grumpy Cat,False
Evidence of Absence,111,Scumbag Morpheus,False
Evidence of Absence,112,double computer guy,False
Evidence of Absence,113,SGT Hartman Wat,False
Evidence of Absence,114,"Kevin Hart ""Wait That's Illegal""",False
Evidence of Absence,115,Swedish Chef,False
Evidence of Absence,116,Excited happy kids pointing at computer monitor,False
Evidence of Absence,117,John Lennon,False
Evidence of Absence,118,Age of Empires Logic,False
Evidence of Absence,119,Kim Jong Un Sad,False
Evidence of Absence,120,Satisfied Seal,False
Evidence of Absence,121,Creepy Condescending Overly Attached Girlfriend,False
Evidence of Absence,122,George Carlin,False
Evidence of Absence,123,Thespian peacock,False
Evidence of Absence,124,fefeyoda,False
Evidence of Absence,125,girl running,False
Evidence of Absence,126,Tyrion Lannister,False
Evidence of Absence,127,gandalf you shall not pass,False
Evidence of Absence,128,Professor Farnsworth Good News Everyone,False
Evidence of Absence,129,Scarface Cocaine,False
Evidence of Absence,130,Spongebob Chocolate Guy,False
Evidence of Absence,131,Robocop 1987,False
Evidence of Absence,132,Esqueleto esperando,False
Evidence of Absence,133,Mr bean waiting,False
Evidence of Absence,134,Bane meme,False
Evidence of Absence,135,Bill and Ted,False
Evidence of Absence,136,Neil deGrasse Tyson,False
Evidence of Absence,137,clean all the things,False
Evidence of Absence,138,Chronic illness cat,False
Evidence of Absence,139,Keep Calm And Carry On Red,False
Evidence of Absence,140,Dog Scientist,False
Evidence of Absence,141,alessandro-sacchi-1588802-unsplash (1),False
Evidence of Absence,142,Su nivel de vegeta,False
Evidence of Absence,143,List of people I trust,False
Evidence of Absence,144,Big mouth girl,False
Evidence of Absence,145,Squidward chair,False
Evidence of Absence,146,Chris Crocker,False
Evidence of Absence,147,Ryan Beckford,False
Evidence of Absence,148,Angry Gamer Girl,False
Evidence of Absence,149,Overly Manly Man,False
Evidence of Absence,150,Obi Wan Kenobi Jedi Mind Trick,False
Evidence of Absence,151,khan,False
Evidence of Absence,152,Yu-Gi-Oh Exodia,False
Evidence of Absence,153,Grumpy Cat Y U No Memestrocity,False
Evidence of Absence,154,Dolan duck,False
Evidence of Absence,155,Confused Gandalf,False
Evidence of Absence,156,Laughing Gardevoir,False
Evidence of Absence,157,ralph wiggum,False
Evidence of Absence,158,Adam Jensen I never asked for this,False
Evidence of Absence,159,don't search,False
Evidence of Absence,160,alcantara,False
Evidence of Absence,161,Jay Z 99 Problems Timesheet,False
Evidence of Absence,162,soup nazi,False
Evidence of Absence,163,Inbetweeners,False
Evidence of Absence,164,leonardo da vinci,False
Evidence of Absence,165,Tough Spongebob,False
Evidence of Absence,166,I have no idea what I'm doing,False
Evidence of Absence,167,kill yourself guy,False
Evidence of Absence,168,One does not simply,False
Evidence of Absence,169,sixth sense,False
Evidence of Absence,170,Not Today Syrio,False
Evidence of Absence,171,Casos de Familia,False
Evidence of Absence,172,anchorman,False
Evidence of Absence,173,Aboriginal,False
Evidence of Absence,174,Inception Meme,False
Evidence of Absence,175,Right In The Childhood Man,False
Evidence of Absence,176,star trek wtf,False
Evidence of Absence,177,your country needs you,False
Evidence of Absence,178,true story,False
Evidence of Absence,179,INFJ,False
Evidence of Absence,180,Not Impressed McKayla,False
Evidence of Absence,181,I don't know who you are...,False
Evidence of Absence,182,Yer A Wizard Harry Hagrid,False
Evidence of Absence,183,Obama You Mad,False
Evidence of Absence,184,Bane,False
Evidence of Absence,185,christian bale with axe,False
Evidence of Absence,186,Futurama,False
Evidence of Absence,187,ancient alien guy,False
Evidence of Absence,188,gentleman,False
Evidence of Absence,189,Captain Picard,False
Evidence of Absence,190,Spock,False
Evidence of Absence,191,Bender popular,False
Evidence of Absence,192,Lion King Shadowy Place,False
Evidence of Absence,193,Gangnam Style,False
Evidence of Absence,194,The Olympic Queen,False
Evidence of Absence,195,Jackie Chan Meme,False
Evidence of Absence,196,Overly Attached Girlfriend creepy,False
Evidence of Absence,197,sad bear,False
Evidence of Absence,198,So You're Telling me,False
Evidence of Absence,199,Mafia Baby,False
Evidence of Absence,200,Condescending Wonka,False
Benefits,1,So I Got That Goin For Me Which Is Nice,True
Benefits,2,Jurassic Park Unix System,True
Benefits,3,Russian Doge,True
Benefits,4,Dory,True
Benefits,5,Smokey The Bear,True
Benefits,6,Forever Alone Computer Guy,True
Benefits,7,capusotto nnunca la pongo,True
Benefits,8,How About No Bear,True
Benefits,9,therefore-aliens,True
Benefits,10,Typical Indian Dad,True
Benefits,11,Its Not Going To Happen,True
Benefits,12,MEME HISTORIAN BLANK,True
Benefits,13,CS 1.6,True
Benefits,14,crying tom brady,True
Benefits,15,Samuel Jackson Glance,True
Benefits,16,BABY CRYING,True
Benefits,17,Plato and Aristotle in the school of Athens,True
Benefits,18,Yanukovich please stahp,True
Benefits,19,Joseph ducreaux,True
Benefits,20,Liam Neeson Taken 2,True
Benefits,21,And the points don't matter,True
Benefits,22,Wolverine Remember,True
Benefits,23,Party cat,True
Benefits,24,Phoenix Wright,True
Benefits,25,Hipster Barista,True
Benefits,26,Ricardo Arjona --- El Problema,True
Benefits,27,Amy Winehouse!,True
Benefits,28,cars kill honeybees,True
Benefits,29,research cat,True
Benefits,30,You Were The Chosen One (Star Wars),True
Benefits,31,smiling bill clinton,True
Benefits,32,Cat watching other cats fight,True
Benefits,33,Barney Stinson Win,True
Benefits,34,Tom Cruise laugh,True
Benefits,35,wolf of wallstreet,True
Benefits,36,Yeah if you could go ahead that'd be great,True
Benefits,37,Joseph SMith,True
Benefits,38,Oh shit here we go again,True
Benefits,39,Mr. Burns Excellent,True
Benefits,40,Gentleman frog,True
Benefits,41,i see what you did there,False
Benefits,42,Old man family guy,False
Benefits,43,albert einstein quotes,False
Benefits,44,Conspiracy Cat,False
Benefits,45,Right In The Childhood,False
Benefits,46,Racist Not Racist,False
Benefits,47,Sloth Goonies,False
Benefits,48,Forever Alone Happy,False
Benefits,49,Remilia Hey Mister,False
Benefits,50,Troll Dog,False
Benefits,51,Amazing INFJ,False
Benefits,52,Not Today,False
Benefits,53,Cool dog,False
Benefits,54,anxiety cat,False
Benefits,55,Anonymous meme,False
Benefits,56,Ay ya,False
Benefits,57,Challenge denied,False
Benefits,58,David Draiman Disturbed,False
Benefits,59,Advice Yoda,False
Benefits,60,Troll Link,False
Benefits,61,Creeper,False
Benefits,62,little black kids dancing,False
Benefits,63,Fallout Vault Boy,False
Benefits,64,Inappropriate Timing Bill Clinton,False
Benefits,65,TRUST BAGHDAD BOB,False
Benefits,66,You took everything from me - I don't even know who you are,False
Benefits,67,Odio lo lune,False
Benefits,68,Furluff,False
Benefits,69,Dumbo,False
Benefits,70,star wars jar jar binks,False
Benefits,71,Life alert lady,False
Benefits,72,Lonely computer guy,False
Benefits,73,Introvert cat,False
Benefits,74,"just. be. Y O U R S E L F ! :DDD i lov uuu, ur so valid uwu",False
Benefits,75,This Morgan Freeman,False
Benefits,76,Ceiling Cat,False
Benefits,77,Shamwow guy,False
Benefits,78,Gaston Strong Man Like Me,False
Benefits,79,Bill O'Reilly angry,False
Benefits,80,Malicious Advice Mallard,False
Benefits,81,Lonely Seesaw Kid,False
Benefits,82,Back to the future,False
Benefits,83,Astounded Spitfire (MLP),False
Benefits,84,EVIL KID,False
Benefits,85,Please Guy,False
Benefits,86,no como el señorito,False
Benefits,87,started from the bottom,False
Benefits,88,Fat guy eating burger,False
Benefits,89,stare dad,False
Benefits,90,inception,False
Benefits,91,Awesome Smiley,False
Benefits,92,Stupid Monkey,False
Benefits,93,Successful Mexican,False
Benefits,94,Nerd,False
Benefits,95,jesus says,False
Benefits,96,beethoven,False
Benefits,97,leonidas,False
Benefits,98,Why not zoidberg?,False
Benefits,99,God,False
Benefits,100,Age Of Empires,False
Benefits,101,xzibit,False
Benefits,102,Angry Old Man,False
Benefits,103,Memes,False
Benefits,104,Ronald Mcdonald Call,False
Benefits,105,Joseph Ducreaux,False
Benefits,106,Buzz and woody,False
Benefits,107,Joseph Smith,False
Benefits,108,Adam Jensen,False
Benefits,109,Grinds My Gears Peter Griffin,False
Benefits,110,Cristina Kirchner,False
Benefits,111,Professor Farnsworth,False
Benefits,112,Cancer Spiderman,False
Benefits,113,Shamwow Guy,False
Benefits,114,Ricardo Arjona,False
Benefits,115,Justin,False
Benefits,116,Yanukovich,False
Benefits,117,Cartman,False
Benefits,118,Evil Doctor,False
Benefits,119,skier,False
Benefits,120,Dicks Dicks Everywhere,False
Benefits,121,American Pride Eagle,False
Benefits,122,David Caruso CSI,False
Benefits,123,Sunny Student,False
Benefits,124,Amy Winehouse,False
Benefits,125,Minecraft,False
Benefits,126,League of legends,False
Benefits,127,Barney Stinson,False
Benefits,128,Game of Thrones,False
Benefits,129,Omg Rage Face,False
Benefits,130,Gandalf,False
Benefits,131,DJ PRODUCER,False
Benefits,132,Rev Up Those Fryers,False
Benefits,133,Its A Trap,False
Benefits,134,Fuuuu,False
Benefits,135,ADVOGADO,False
Benefits,136,In Soviet Russia,False
Benefits,137,MIIT ;,False
Benefits,138,joker,False
Benefits,139,friends,False
Benefits,140,Winter is Coming,False
Benefits,141,Keep Calm 2,False
Benefits,142,Problem Trollface,False
Benefits,143,Rage Face,False
Benefits,144,Rambo,False
Benefits,145,Yo,False
Benefits,146,300,False
Benefits,147,Angry Bird,False
Benefits,148,Jeremy Clarkson,False
Benefits,149,Irans President,False
Benefits,150,Doubles Guy,False
Benefits,151,GASY,False
Benefits,152,Batman meme,False
Benefits,153,Brutal man,False
Benefits,154,Psst spiderman,False
Benefits,155,Chuck Norris Meme,False
Benefits,156,what if i told you matri,False
Benefits,157,challenge denied,False
Benefits,158,What you talkin' bout Willis,False
Benefits,159,No Soup for You,False
Benefits,160,scared cat,False
Benefits,161,How tough are you,False
Benefits,162,Kevin Hart Wait,False
Benefits,163,Computer kid,False
Benefits,164,evil,False
Benefits,165,buzz lightyear meme,False
Benefits,166,First World Problems girl,False
Benefits,167,un mundo sin abogados,False
Benefits,168,What If I Told You,False
Benefits,169,you don't say meme,False
Benefits,170,Aand Its Gone,False
Benefits,171,I,False
Benefits,172,venceremos,False
Benefits,173,crying meme,False
Benefits,174,Annoying Imgurian,False
Benefits,175,And then we told them...,False
Benefits,176,Correction Guy,False
Benefits,177,skeptical black kid,False
Benefits,178,Napoleon Dynamite,False
Benefits,179,overly attached girl,False
Benefits,180,Admiral Ackbar,False
Benefits,181,Skeptical third,False
Benefits,182,Skeptical African Child,False
Benefits,183,And it's gone,False
Benefits,184,african kids dancing,False
Benefits,185,Skeptical Third world Child,False
Benefits,186,Skeptical african kid,False
Benefits,187,Señor,False
Benefits,188,Skeptical 3rd World Kid,False
Benefits,189,swedish chef,False
Benefits,190,Freddy Mercury,False
Benefits,191,Fuuu,False
Benefits,192,Trollface Problem,False
Benefits,193,spectator,False
Benefits,194,Yo Dawg heard you like,False
Benefits,195,Trollfacer,False
Benefits,196,Prison Man,False
Benefits,197,ka,False
Benefits,198,Like Gaston,False
Benefits,199,Windows,False
Benefits,200,Star Wars Emperor,False
